Timestamp,EAR,MAR,PERCLOS,HeadPitch,Drowsy_Label,
23:14:41,0.2318368126034672,0.12735042328792917,1,61,0,
23:14:41,0.24446176790824103,0.10484040254627164,1,67,0,
23:14:41,0.32057139735414475,0.1216150498256651,0.7857142857142857,68,0,
23:14:41,0.3547627457447453,0.13003403680018621,0.5,66,1,
23:14:42,0.36261389378983716,0.1132618750474737,0.36666666666666664,65,0,
23:14:42,0.35968019464510664,0.10363495159951289,0.2894736842105263,65,0,
23:14:42,0.3382085631166466,0.11043949572997004,0.2391304347826087,64,0,
23:14:42,0.22490024440571454,0.10862034956989854,0.2222222222222222,65,0,
23:14:43,0.3066180320328109,0.10770329614269009,0.2833333333333333,64,0,
23:14:43,0.29773406259755264,0.11923786075106181,0.15,65,0,
23:14:43,0.30299481711671816,0.1123196607052814,0.13333333333333333,64,0,
23:14:43,0.3174724665632759,0.10925255682229784,0.13333333333333333,67,0,
23:14:44,0.3067984153680742,0.10257921997925785,0.13333333333333333,66,0,
23:14:44,0.077542843,0.10674457518829687,0.21666666666666667,65,0,
23:14:44,0.083553173,0.11277919787513362,0.35,64,0,
23:14:44,0.076127577,0.10786387432600121,0.4,64,1,
23:14:45,0.084272695,0.10884119270183587,0.48333333333333334,65,1,
23:14:45,0.080102212,0.10839928591271134,0.6166666666666667,65,1,
23:14:45,0.08025018,0.10616559412106294,0.75,67,1,
23:14:46,0.1338802251149654,0.10755521090731121,0.8833333333333333,65,1,
23:14:46,0.24457984349355594,0.099836468,1,69,1,
23:14:46,0.21034105002994852,0.1117321638254671,1,81,1,
23:14:46,0.35213127689676954,0.13067035726606566,0.9166666666666666,76,1,
23:14:47,0.3623200093708264,0.14453253432190588,0.7833333333333333,79,1,
23:14:47,0.3442856212989725,0.12227186267248992,0.65,82,1,
23:14:47,0.326292395,0.1227711899134527,0.5166666666666667,90,1,
23:14:47,0.29172071470607525,0.1635838728763408,0.38333333333333336,102,0,
23:14:48,0.29629710615642524,0.14592016129268015,0.25,97,0,
23:14:48,0.28069498823113004,0.16763660696006277,0.18333333333333332,103,0,
23:14:48,0.041652773,0.15915878829393454,0.15,117,0,
23:14:48,0.2634945539622433,0.13459049961940245,0.26666666666666666,99,0,
23:14:49,0.2701845389780715,0.14833551381086812,0.26666666666666666,98,0,
23:14:49,0.277149977,0.14814814814814814,0.26666666666666666,94,0,
23:14:49,0.27587598511045663,0.1388650800451571,0.26666666666666666,94,0,
23:14:50,0.2590634567876793,0.13917332699502163,0.26666666666666666,94,0,
23:14:50,0.2744523019517086,0.13205196863329538,0.25,90,0,
23:14:50,0.2252091562589244,0.14928184040030845,0.26666666666666666,98,0,
23:14:50,0.097731096,0.1532258064516129,0.26666666666666666,131,0,
23:14:51,0.066912302,0.17322406525639744,0.35,123,1,
23:14:51,0.084844577,0.16868835632111553,0.48333333333333334,121,1,
23:14:51,0.093299166,0.17339108436670736,0.6166666666666667,124,1,
23:14:51,0.10861120945910441,0.16778815882546128,0.75,127,1,
23:14:52,0.10638213721183434,0.1707238548515837,0.8833333333333333,126,1,
23:14:52,0.099187281,0.1610541747067964,1,123,1,
23:14:52,0.097828566,0.17290567676335794,1,123,1,
23:14:53,0.1247739235159335,0.16309838785118227,1,121,1,
23:14:53,0.12348967747760758,0.16309838785118227,1,121,1,
23:14:53,0.066804533,0.15269597956778627,1,128,1,
23:14:53,0.20862512083901696,0.1479940084080615,1,93,1,
23:14:54,0.2596327547621696,0.13316697851704595,0.9833333333333333,86,1,
23:14:54,0.23448678778141996,0.13693656236608068,0.9666666666666667,85,1,
23:14:54,0.2603293139782408,0.13329760767691737,0.95,84,1,
23:14:54,0.25909483696194846,0.13098922453278258,0.8166666666666667,85,1,
23:14:55,0.2594021814444174,0.13070918311243443,0.7,84,1,
23:14:55,0.2929469306961292,0.13476792334377333,0.5666666666666667,84,1,
23:14:55,0.265589006,0.12498474400433691,0.5,85,1,
23:14:55,0.2658500827600646,0.14055638569974546,0.36666666666666664,85,0,
23:14:56,0.24921091297831083,0.12684039844119843,0.2833333333333333,84,0,
23:14:56,0.2511419159118878,0.12684039844119843,0.18333333333333332,85,0,
23:14:56,0.2643840347285028,0.1225057425912791,0.13333333333333333,85,0,
23:14:57,0.26849289053349823,0.1301582746911937,0.11666666666666667,88,0,
23:14:57,0.2859621463494668,0.14139308,0.11666666666666667,89,0,
23:14:57,0.24472281327964684,0.1431358887667982,0.11666666666666667,88,0,
23:14:57,0.26049371272607663,0.14311307281243843,0.066666667,92,0,
23:14:58,0.18149321788670975,0.12718866337500045,0.13333333333333333,94,0,
23:14:58,0.25359145032857366,0.12539779457720887,0.2,105,0,
23:14:58,0.096583271,0.1552110245554725,0.2833333333333333,88,0,
23:14:59,0.21024159404891968,0.1400110630395874,0.4166666666666667,82,0,
23:14:59,0.2614469648076708,0.1307011316253504,0.5166666666666667,90,1,
23:14:59,0.22558591102655773,0.15423873012602624,0.5333333333333333,133,1,
23:14:59,0.2337154701782722,0.15055254306261712,0.6,45,1,
23:15:00,0.20049374319782315,0.1460847099881263,0.6666666666666666,98,1,
23:15:00,0.10617701464047595,0.14880417942587534,0.7833333333333333,105,1,
23:15:01,0.2505964870177878,0.136705133,0.8666666666666667,96,1,
23:15:01,0.090693955,0.14997000899700105,0.8666666666666667,83,1,
23:15:01,0.14125617981683336,0.13928695531209706,0.9333333333333333,84,1,
23:15:01,0.089911648,0.13506623282573837,0.9333333333333333,77,1,
23:15:02,0.10439284947293338,0.1348229504673969,0.9333333333333333,75,1,
23:15:02,0.21368356965286894,0.13234346564680965,0.9833333333333333,45,1,
23:15:02,0.22719135428881948,0.1284424459784771,0.9833333333333333,35,1,
23:15:02,0.22695574,0.12569689062613004,0.9833333333333333,36,1,
23:15:03,0.2357844761761164,0.12569689062613004,0.9833333333333333,35,1,
23:15:03,0.3000835331307951,0.12670180150775265,0.9666666666666667,37,1,
23:15:03,0.29995110133752145,0.13060839302380942,0.8333333333333334,35,1,
23:15:03,0.33085247677291774,0.13159803771005263,0.7,34,1,
23:15:04,0.32194382620313555,0.1351891917273394,0.5666666666666667,35,1,
23:15:04,0.2980439006020899,0.12634705254009446,0.43333333333333335,34,1,
23:15:04,0.31473730932677346,0.13337339141845925,0.3,34,0,
23:15:05,0.29554151683027813,0.12730440823733516,0.16666666666666666,34,0,
23:15:05,0.3062196256711741,0.13130643285972257,0.05,36,0,
23:15:05,0.16916797148786505,0.1352724425077662,0.083333333,65,0,
23:15:05,0.16325152654442823,0.13786337130748322,0.21666666666666667,96,0,
23:15:06,0.1430542602038226,0.1393236351102077,0.35,105,1,
23:15:06,0.1732338842014382,0.1321178088582227,0.48333333333333334,88,1,
23:15:06,0.23407992837446767,0.13967685201821345,0.6166666666666667,79,1,
23:15:06,0.36313236688367523,0.1305704044561534,0.6166666666666667,62,1,
23:15:07,0.3566309847211734,0.1408554709327386,0.6166666666666667,58,1,
23:15:07,0.3691449926722332,0.13355971056599422,0.6,58,1,
23:15:07,0.36431912297984276,0.14738052383217537,0.4666666666666667,59,1,
23:15:07,0.3683310367914354,0.14175264860814396,0.3333333333333333,55,0,
23:15:08,0.32222726544337876,0.14449152741296012,0.2,56,0,
23:15:08,0.32298961054793374,0.1453926413001797,0.066666667,57,0,
23:15:08,0.31876893649912685,0.1672665982699231,0,57,0,
23:15:09,0.28117132520137533,0.1589838143347491,0,62,0,
23:15:09,0.2724292595124478,0.14422913247833147,0.05,80,0,
23:15:09,0.28577189815135384,0.1332700323360931,0.11666666666666667,89,0,
23:15:09,0.2853987330342971,0.15241762390049157,0.18333333333333332,94,0,
23:15:10,0.25240397481635396,0.14124761986184395,0.18333333333333332,100,0,
23:15:10,0.2902053602583885,0.14680505487867587,0.21666666666666667,89,0,
23:15:10,0.27031989327194245,0.13636363636363635,0.21666666666666667,91,0,
23:15:10,0.2783660319285864,0.14142135623730953,0.21666666666666667,91,0,
23:15:11,0.26545315695215244,0.1386094506377568,0.2,92,0,
23:15:11,0.24695316079363577,0.14142135623730953,0.16666666666666666,93,0,
23:15:11,0.2423289548640778,0.1309642256634633,0.18333333333333332,92,0,
23:15:11,0.2505220382456937,0.13528267147358325,0.16666666666666666,93,0,
23:15:12,0.2834662845477549,0.132150404,0.25,89,0,
23:15:12,0.22724370441384978,0.13407335200111228,0.23333333333333334,89,0,
23:15:12,0.25893096686429584,0.13811807747509258,0.31666666666666665,98,0,
23:15:13,0.21188267352727722,0.14360302020210966,0.3333333333333333,96,0,
23:15:13,0.2079329002061106,0.14109612463108678,0.43333333333333335,97,0,
23:15:13,0.22651413938353165,0.12993761853412128,0.5333333333333333,99,1,
23:15:13,0.055366993,0.1323177938828734,0.5666666666666667,98,1,
23:15:14,0.064939212,0.12718866337500045,0.6666666666666666,101,1,
23:15:14,0.077721892,0.15029786475660317,0.75,102,1,
23:15:14,0.059916197794150756,0.15717630830342053,0.8333333333333334,86,1,
23:15:14,0.08543111,0.16153497141498177,0.9166666666666666,87,1,
23:15:15,0.037555128834805246,0.13476648353860624,0.9666666666666667,92,1,
23:15:15,0.045391889,0.13722852454111903,1,93,1,
23:15:15,0.038127908,0.1292754496517956,1,93,1,
23:15:15,0.023575394618042044,0.12960740804214663,1,94,1,
23:15:16,0.031360743286201864,0.12531847185373393,1,95,1,
23:15:16,0.027066366,0.15767950338820744,1,92,1,
23:15:16,0.055951017,0.13757041773110507,1,100,1,
23:15:17,0.034321208,0.13919718868863803,1,100,1,
23:15:17,0.034411647,0.1414842521071022,1,97,1,
23:15:17,0.032432648,0.12960740804214663,1,99,1,
23:15:17,0.041747198,0.14545454545454545,1,99,1,
23:15:18,0.056453243,0.1484372179803833,1,98,1,
23:15:18,0.050549727,0.14550717260020726,1,99,1,
23:15:18,0.030770475984476527,0.14571427645744323,1,99,1,
23:15:18,0.063355214,0.14545454545454545,1,98,1,
23:15:19,0.23209559068787855,0.1320754716981132,1,98,1,
23:15:19,0.3234541114267409,0.13341637380878255,0.8666666666666667,98,1,
23:15:19,0.28704249759039224,0.13919718868863803,0.7333333333333333,99,1,
23:15:19,0.26187666770895734,0.1320754716981132,0.6,99,1,
23:15:20,0.2621378526440957,0.1346153846153846,0.4666666666666667,99,1,
23:15:20,0.24006713871382268,0.13459049961940245,0.35,99,0,
23:15:20,0.24687725057205528,0.1388888888888889,0.2833333333333333,99,0,
23:15:21,0.056065434,0.12727272727272726,0.21666666666666667,100,0,
23:15:21,0.047744811,0.1388888888888889,0.2833333333333333,99,0,
23:15:21,0.037348321057027366,0.13919718868863803,0.4166666666666667,97,1,
23:15:21,0.035724547,0.14150943396226415,0.55,97,1,
23:15:22,0.0359732,0.1388650800451571,0.6833333333333333,98,1,
23:15:22,0.048997249,0.13241197026054904,0.8166666666666667,99,1,
23:15:22,0.039757133,0.1512379202064283,0.8833333333333333,97,1,
23:15:22,0.22313871393814474,0.14011801805945887,0.9833333333333333,97,1,
23:15:23,0.3235160265816827,0.12995989673720554,0.9166666666666666,98,1,
23:15:23,0.2838212833436255,0.13205196863329538,0.7833333333333333,99,1,
23:15:23,0.2886326331656296,0.12995989673720554,0.65,99,1,
23:15:23,0.21140000079965296,0.13890390309236922,0.5333333333333333,94,1,
23:15:24,0.11972654367719075,0.13453872853872323,0.5333333333333333,76,1,
23:15:24,0.27294210008534914,0.13975424859373686,0.5166666666666667,62,1,
23:15:24,0.26596753260448447,0.14277199813717775,0.38333333333333336,63,0,
23:15:25,0.21374956655050598,0.15037757470301114,0.2833333333333333,63,0,
23:15:25,0.2301001270124238,0.13621265774871522,0.4166666666666667,66,0,
23:15:25,0.1866646532534708,0.16508513887110743,0.55,77,1,
23:15:25,0.2841418609168964,0.148929167,0.65,70,1,
23:15:26,0.3052413648776401,0.1664436158704887,0.5666666666666667,72,1,
23:15:26,0.048652282917320225,0.15359076025778598,0.45,89,1,
23:15:26,0.15439765270257824,0.15545242739926934,0.5333333333333333,97,1,
23:15:26,0.17512356688437444,0.16926287693131167,0.6666666666666666,99,1,
23:15:27,0.19356321871332516,0.1509263284092537,0.7166666666666667,99,1,
23:15:27,0.20424295730698727,0.14269544824634822,0.7166666666666667,96,1,
23:15:27,0.1993807665154896,0.12315248473510959,0.7166666666666667,81,1,
23:15:27,0.24191127571530463,0.1194375788241625,0.8166666666666667,81,1,
23:15:28,0.25556386635082795,0.1198788252982181,0.9166666666666666,81,1,
23:15:28,0.2569042821371021,0.1346691457310671,0.8833333333333333,81,1,
23:15:28,0.2244251468403869,0.13303802104754786,0.8833333333333333,84,1,
23:15:29,0.25980576536629285,0.13402860121481858,0.8,82,1,
23:15:29,0.25466454399591565,0.13303802104754786,0.6833333333333333,82,1,
23:15:29,0.249034741,0.12993568549453124,0.5666666666666667,82,1,
23:15:29,0.2899361249967015,0.12456821978060996,0.43333333333333335,82,1,
23:15:30,0.29975744946479277,0.1305190697366738,0.31666666666666665,83,0,
23:15:30,0.27389485410455894,0.13107637696209937,0.26666666666666666,83,0,
23:15:30,0.28177336729877933,0.13160646427097908,0.15,83,0,
23:15:30,0.27774091212274044,0.13956046783744505,0.033333333,85,0,
23:15:31,0.2751187434189425,0.13578725225214094,0.033333333,84,0,
23:15:31,0.2713391804777911,0.1531282986977553,0.016666666666666666,90,0,
23:15:31,0.2723059713535849,0.15491084581531503,0.016666666666666666,89,0,
23:15:31,0.27668258439083976,0.15455236389648383,0.016666666666666666,87,0,
23:15:32,0.19464752927249607,0.14714050019415328,0.033333333,88,0,
23:15:32,0.23245500249611756,0.15247771297487428,0.16666666666666666,83,0,
23:15:32,0.21162152225770503,0.15759949335481233,0.3,85,1,
23:15:33,0.27346040264726956,0.16210073561786587,0.4166666666666667,74,1,
23:15:33,0.3128286502409897,0.15345564551469146,0.4166666666666667,68,1,
23:15:33,0.45635411605833276,0.16913827443982973,0.4,60,0,
23:15:33,0.45709801501242475,0.17610683045735837,0.4,64,0,
23:15:34,0.44518003846560034,0.17120264258353668,0.4,66,0,
23:15:34,0.36229345384883765,0.15212721215892072,0.31666666666666665,79,0,
23:15:34,0.36545501320012436,0.15297058540778355,0.18333333333333332,71,0,
23:15:34,0.36739264630216417,0.18478962235301563,0.05,73,0,
23:15:35,0.35820256867965083,0.16757742025947864,0,98,0,
23:15:35,0.42803946140141147,0.16735914682876488,0,80,0,
23:15:35,0.40557612160450873,0.19083135479350186,0,78,0,
23:15:35,0.4347475852918739,0.18550353712241643,0,76,0,
23:15:36,0.382458331,0.18759320981255873,0,75,0,
23:15:36,0.4784303015172715,0.17556172079419585,0,74,0,
23:15:36,0.4877470898994912,0.17816491963686792,0,70,0,
23:15:37,0.574150775,0.1722619111126156,0,67,0,
23:15:37,0.25097697596216234,0.12979518316972435,0,69,0,
23:15:37,0.19450102191066343,0.1355815361366601,0.13333333333333333,78,0,
23:15:37,0.3158980926564852,0.13429637408817016,0.18333333333333332,75,0,
23:15:38,0.33152991211356814,0.1272364403300053,0.18333333333333332,74,0,
23:15:38,0.31231927534832327,0.13633547078730296,0.18333333333333332,73,0,
23:15:38,0.3199247036841848,0.14610511582781818,0.18333333333333332,74,0,
23:15:38,0.3182231658688741,0.12523862573422057,0.18333333333333332,77,0,
23:15:39,0.1131167714861549,0.1431358887667982,0.2,79,0,
23:15:39,0.30730192381708726,0.14583333333333334,0.18333333333333332,86,0,
23:15:39,0.23810944922725463,0.14928184040030845,0.11666666666666667,104,0,
23:15:39,0.24202539821269586,0.13316697851704595,0.16666666666666666,116,0,
23:15:40,0.2653360256226275,0.13157894736842105,0.23333333333333334,116,0,
23:15:40,0.26822376833364253,0.15006309288214978,0.23333333333333334,106,0,
23:15:40,0.32892186576761073,0.1630292038770465,0.23333333333333334,75,0,
23:15:41,0.39870836726370906,0.1482697346362881,0.23333333333333334,45,0,
23:15:41,0.3831751176699567,0.1453095484297741,0.16666666666666666,49,0,
23:15:41,0.37709008348049855,0.13124481350661465,0.15,49,0,
23:15:41,0.37105137176085234,0.12996881122750908,0.083333333,48,0,
23:15:42,0.29085295731656413,0.132150404,0,44,0,
23:15:42,0.31214893284106476,0.10654226005839604,0.05,58,0,
23:15:42,0.3684803668603607,0.1063346319028223,0.05,61,0,
23:15:42,0.36502801158307757,0.10386713504635904,0.05,60,0,
23:15:43,0.3381623911816215,0.099903985,0.05,59,0,
23:15:43,0.2556862499716036,0.14042395259670656,0.11666666666666667,59,0,
23:15:43,0.35164178438057747,0.15026019100214133,0.15,63,0,
23:15:43,0.36416465742064463,0.15920595043359825,0.15,61,0,
23:15:44,0.35690879666676756,0.17387196327372456,0.15,86,0,
23:15:44,0.2850529712938093,0.1365760623203918,0.1,93,0,
23:15:44,0.2666330520092074,0.13616123289967447,0.1,93,0,
23:15:45,0.26123839208722627,0.1385094103412096,0.1,92,0,
23:15:45,0.1689350052523004,0.13860430249151773,0.16666666666666666,91,0,
23:15:45,0.24121782773539063,0.14061126910117314,0.21666666666666667,92,0,
23:15:45,0.26328537879801217,0.142044165,0.23333333333333334,93,0,
23:15:46,0.23818773297746992,0.1333979069617583,0.31666666666666665,93,0,
23:15:46,0.23994141159978466,0.1355727146697106,0.43333333333333335,90,0,
23:15:46,0.23973746080160763,0.12657594714983186,0.5,91,0,
23:15:46,0.24788433386833897,0.1361050703094283,0.5666666666666667,91,1,
23:15:47,0.2687356965783442,0.14459668023389013,0.5666666666666667,90,1,
23:15:47,0.26986090219056635,0.14459668023389013,0.43333333333333335,91,1,
23:15:47,0.2745367922880755,0.12907749478503058,0.36666666666666664,88,0,
23:15:47,0.27774841585805066,0.12652209520465388,0.35,88,0,
23:15:48,0.2722431908136889,0.1382973158411042,0.23333333333333334,88,0,
23:15:48,0.2765740716919796,0.127072975,0.11666666666666667,89,0,
23:15:48,0.2793534112866126,0.14727205947144112,0.05,89,0,
23:15:49,0.21011319875694914,0.1593317229497765,0.05,97,0,
23:15:49,0.2294200205205612,0.150916536,0.13333333333333333,101,0,
23:15:49,0.2388018188285897,0.13414033909770917,0.26666666666666666,102,0,
23:15:49,0.24621731021366441,0.1461731656634923,0.31666666666666665,105,0,
23:15:50,0.23215235972327933,0.14319129469909125,0.45,103,0,
23:15:50,0.21067232807466485,0.12061796543922608,0.5833333333333334,110,1,
23:15:50,0.21458220191492544,0.12960740804214663,0.7166666666666667,111,1,
23:15:50,0.22931991390010917,0.13490364132715224,0.85,114,1,
23:15:51,0.1717465665380007,0.135552224,0.9333333333333333,108,1,
23:15:51,0.10254620481464653,0.14382907154132143,0.9333333333333333,112,1,
23:15:51,0.15211584047116378,0.16757742025947864,0.95,111,1,
23:15:51,0.15046298303720876,0.15359076025778598,1,109,1,
23:15:52,0.2161791806457725,0.15057645010669057,1,109,1,
23:15:52,0.2308308221029569,0.15024952956880328,1,104,1,
23:15:52,0.17015465041413486,0.16695476829339612,0.9833333333333333,113,1,
23:15:53,0.20056918340766902,0.14833551381086812,0.9833333333333333,104,1,
23:15:53,0.25750720731756227,0.1562161026137675,0.9666666666666667,101,1,
23:15:53,0.2964429886340709,0.14010472653045566,0.8833333333333333,108,1,
23:15:53,0.27727526387177825,0.152231921,0.75,111,1,
23:15:54,0.2969672091547513,0.14158802848871352,0.6166666666666667,119,1,
23:15:54,0.2783915139633674,0.15252046688958917,0.48333333333333334,116,1,
23:15:54,0.26118606734590566,0.15787044347526527,0.36666666666666664,116,0,
23:15:54,0.25566480043065676,0.14966777367849135,0.23333333333333334,116,0,
23:15:55,0.25422004956627153,0.14508350284552501,0.11666666666666667,116,0,
23:15:55,0.24508535336982676,0.157676499,0.1,116,0,
23:15:55,0.25202259802488314,0.15496525628412028,0.1,114,0,
23:15:55,0.2594514994370379,0.1498128508316767,0.11666666666666667,116,0,
23:15:56,0.2771693554581149,0.16666666666666666,0.13333333333333333,116,0,
23:15:56,0.2538775052145529,0.16103177354699455,0.16666666666666666,113,0,
23:15:56,0.26023563523027005,0.17835412336589493,0.2,111,0,
23:15:57,0.2665539774123481,0.16332587539791657,0.2,107,0,
23:15:57,0.27831984789346587,0.1569590491721985,0.2,108,0,
23:15:57,0.28004231687124254,0.1683328540853543,0.16666666666666666,108,0,
23:15:57,0.2678589802272283,0.16883248255355846,0.16666666666666666,106,0,
23:15:58,0.2910710168448743,0.16939995101010435,0.13333333333333333,104,0,
23:15:58,0.25290094072553626,0.1477486428781216,0.11666666666666667,107,0,
23:15:58,0.27333250702183265,0.1477486428781216,0.11666666666666667,109,0,
23:15:58,0.25586463296971484,0.14305941060348537,0.083333333,108,0,
23:15:59,0.27315893079017495,0.1502313031443329,0.083333333,107,0,
23:15:59,0.28218765261596046,0.1459786673105742,0.033333333,109,0,
23:15:59,0.2584203491679463,0.14276175424925996,0.033333333,97,0,
23:15:59,0.22860429191815856,0.12012950413795562,0.15,93,0,
23:16:00,0.22108167388685412,0.12051211521126447,0.2833333333333333,87,0,
23:16:00,0.2857373608574215,0.115574222,0.31666666666666665,85,0,
23:16:00,0.307825279,0.11348358555642038,0.31666666666666665,85,0,
23:16:01,0.31178203041867925,0.11096311089742066,0.3,85,0,
23:16:01,0.308577663,0.12051211521126447,0.3,85,0,
23:16:01,0.3350619578863334,0.10951491687358486,0.3,85,0,
23:16:01,0.34558632182592885,0.12051211521126447,0.23333333333333334,85,0,
23:16:02,0.3629742908170378,0.11840375393759861,0.11666666666666667,85,0,
23:16:02,0.2723709266165687,0.12149523509245394,0,88,0,
23:16:02,0.30295644907097696,0.11725022823151898,0,90,0,
23:16:02,0.2849213841424116,0.1283106207994647,0,89,0,
23:16:03,0.272688914,0.12511914220337683,0,89,0,
23:16:03,0.26134699770423464,0.12629932117330686,0,87,0,
23:16:03,0.2915345474790092,0.13009885193585047,0,85,0,
23:16:03,0.2755485412584406,0.12377198412164861,0,87,0,
23:16:04,0.28492971207006196,0.1257121701363823,0,88,0,
23:16:04,0.2542106951564645,0.12729606245191927,0,91,0,
23:16:04,0.16562352690121718,0.14086471756373573,0.016666666666666666,96,0,
23:16:05,0.20675020895875032,0.1328768226591831,0.13333333333333333,103,0,
23:16:05,0.097884136,0.1365386534198401,0.26666666666666666,95,0,
23:16:05,0.11717245102973223,0.14988014380826842,0.4,99,1,
23:16:05,0.2606601378930927,0.14024453768841658,0.5166666666666667,102,1,
23:16:06,0.17317091691919834,0.1455220411805284,0.5833333333333334,97,1,
23:16:06,0.16640902201028562,0.14118900084186517,0.6833333333333333,95,1,
23:16:06,0.2601027933356645,0.164209665,0.7833333333333333,97,1,
23:16:06,0.298543387,0.1569074897628792,0.7333333333333333,88,1,
23:16:07,0.3183832928191044,0.14525400550294537,0.6166666666666667,86,1,
23:16:07,0.2972512197756415,0.14833551381086812,0.48333333333333334,85,1,
23:16:07,0.27516477705452497,0.1528081631153767,0.35,85,0,
23:16:07,0.2647113868504767,0.1375476844552775,0.26666666666666666,89,0,
23:16:08,0.2616406849359071,0.13085598064755344,0.18333333333333332,90,0,
23:16:08,0.261438185,0.140022014,0.066666667,89,0,
23:16:08,0.2680403268245737,0.1388650800451571,0,88,0,
23:16:09,0.2651465705904782,0.13917332699502163,0,88,0,
23:16:09,0.2582403866808708,0.14656228134579805,0,89,0,
23:16:09,0.24580183398224525,0.13238840731521426,0.016666666666666666,88,0,
23:16:09,0.2510258702881218,0.1375476844552775,0.13333333333333333,88,0,
23:16:10,0.24057865968673509,0.13664374683548428,0.18333333333333332,89,0,
23:16:10,0.22276266603496891,0.13092325302659108,0.3,88,0,
23:16:10,0.24883741009339155,0.14571427645744323,0.36666666666666664,89,0,
23:16:10,0.2632723461251832,0.13238840731521426,0.43333333333333335,89,0,
23:16:11,0.24879163452983946,0.14927547567495547,0.5166666666666667,89,0,
23:16:11,0.2550290625995026,0.13339263212805205,0.6166666666666667,90,1,
23:16:11,0.2516352767285127,0.140022014,0.65,90,1,
23:16:12,0.24728195711914316,0.14656228134579805,0.65,90,1,
23:16:12,0.25426746624215124,0.14564209898593444,0.65,89,1,
23:16:12,0.22985854169078462,0.1285436241822652,0.65,89,1,
23:16:12,0.053539882,0.14927547567495547,0.7333333333333333,89,1,
23:16:13,0.2215340854281332,0.13747955218768346,0.7833333333333333,88,1,
23:16:13,0.24872775238044975,0.12987085260428677,0.85,89,1,
23:16:13,0.2590740748568991,0.1464896838272619,0.75,89,1,
23:16:13,0.275993934,0.140022014,0.65,89,1,
23:16:14,0.2830388737899498,0.12751271145019225,0.55,90,1,
23:16:14,0.2652970240941118,0.1365760623203918,0.48333333333333334,89,1,
23:16:14,0.27613535276222645,0.13736622305113036,0.35,90,0,
23:16:14,0.2795261228607596,0.12987085260428677,0.21666666666666667,89,0,
23:16:15,0.25507911408591416,0.1285436241822652,0.1,89,0,
23:16:15,0.24027278872586544,0.13339263212805205,0.11666666666666667,91,0,
23:16:15,0.2767090883840022,0.14841177232698982,0.11666666666666667,92,0,
23:16:15,0.3268770179143542,0.14172268049137174,0.11666666666666667,93,0,
23:16:16,0.2870085758989471,0.14907119849998599,0.11666666666666667,92,0,
23:16:16,0.038793772816237734,0.12987085260428677,0.2,93,0,
23:16:16,0.098469971,0.1423568991150893,0.3333333333333333,94,0,
23:16:17,0.10004770456695608,0.14057514755590833,0.45,96,1,
23:16:17,0.05412011,0.147689135,0.5666666666666667,91,1,
23:16:17,0.12282664942929788,0.14738317921169847,0.6166666666666667,93,1,
23:16:17,0.1350605296346605,0.14793574289386288,0.75,97,1,
23:16:18,0.14617136867767222,0.15405553579183096,0.8833333333333333,97,1,
23:16:18,0.11208736319791522,0.14102279831122058,1,100,1,
23:16:18,0.14460800719036956,0.14097096860865022,1,100,1,
23:16:18,0.2038234844072081,0.1278274981412284,1,98,1,
23:16:19,0.24634430255252343,0.13293426071377412,1,101,1,
23:16:19,0.25540686849918276,0.1455493343620879,0.9,101,1,
23:16:19,0.2690807471455553,0.1598721533954863,0.8,111,1,
23:16:19,0.23193393836955506,0.15121100714985675,0.75,113,1,
23:16:20,0.20354217856713436,0.15458673560021055,0.6833333333333333,118,1,
23:16:20,0.22112261397334937,0.16326178905275382,0.6833333333333333,117,1,
23:16:20,0.18515374777538654,0.16687189598547764,0.6833333333333333,120,1,
23:16:20,0.15712352062315266,0.1562918772242974,0.6833333333333333,124,1,
23:16:21,0.26736348810623645,0.14295343524135018,0.6166666666666667,123,1,
23:16:21,0.23823157257103728,0.13974867836520902,0.6833333333333333,125,1,
23:16:21,0.23190853123704477,0.1490123783748416,0.75,129,1,
23:16:21,0.17022646529246221,0.1565968372747178,0.8,129,1,
23:16:22,0.155470527,0.14423076923076922,0.8666666666666667,135,1,
23:16:22,0.11790302556818708,0.1541463417488596,0.8666666666666667,133,1,
23:16:22,0.073916755,0.1673558494826119,0.8666666666666667,140,1,
23:16:23,0.12153525819102717,0.16076958531530736,0.8833333333333333,144,1,
23:16:23,0.1347305445288654,0.158465819,0.9666666666666667,149,1,
23:16:23,0.10815176349157668,0.1684982234916087,0.9833333333333333,149,1,
23:16:23,0.09439422,0.15567762763981272,1,145,1,
23:16:24,0.12161009500352819,0.15261368875962716,1,146,1,
23:16:24,0.087870838,0.16062599958839865,1,144,1,
23:16:24,0.096774484,0.14429610885412775,1,120,1,
23:16:24,0.18752840463346315,0.13185073145271278,1,90,1,
23:16:25,0.22161523239934033,0.13220035550535278,1,86,1,
23:16:25,0.10352670094269764,0.12987085260428677,1,87,1,
23:16:25,0.28932414284014585,0.1357563351323472,0.9166666666666666,86,1,
23:16:25,0.30098153641302827,0.13186439471953015,0.7833333333333333,88,1,
23:16:26,0.10420996216771627,0.135881606,0.6666666666666666,88,1,
23:16:26,0.26706722187539444,0.1284799519464513,0.5833333333333334,87,1,
23:16:26,0.232990099,0.14135612999528016,0.4666666666666667,89,1,
23:16:27,0.22837790976856837,0.12388235770786106,0.43333333333333335,87,1,
23:16:27,0.24105591486376599,0.13647212841386655,0.43333333333333335,86,1,
23:16:27,0.24065263685334826,0.13420331304582003,0.45,86,1,
23:16:27,0.29183865784328866,0.14232775648300905,0.48333333333333334,86,1,
23:16:28,0.27979113202748784,0.1320086113041306,0.48333333333333334,86,1,
23:16:28,0.26071679127968994,0.13420331304582003,0.4166666666666667,88,1,
23:16:28,0.2779180909757984,0.1354875845377284,0.4166666666666667,86,1,
23:16:28,0.2913397491003532,0.14232775648300905,0.38333333333333336,88,0,
23:16:29,0.28490802996818654,0.13881887091041326,0.3,85,0,
23:16:29,0.29111517,0.13867504905630726,0.16666666666666666,87,0,
23:16:29,0.2828529800534368,0.13633547078730296,0.033333333,87,0,
23:16:29,0.29039799257152565,0.1301455716591433,0,86,0,
23:16:30,0.2778504606652078,0.13647212841386655,0,89,0,
23:16:30,0.28126010982475436,0.13801566915859156,0,88,0,
23:16:30,0.310891737,0.13058792441389255,0,87,0,
23:16:30,0.2638867232239639,0.12855565769922653,0,87,0,
23:16:32,0.24296805412577396,0.13320315386177048,0.016666666666666666,86,0,
23:16:32,0.27851690200069923,0.1357563351323472,0.033333333,86,0,
23:16:32,0.27227836470456673,0.1307440900921227,0.033333333,87,0,
23:16:32,0.2812596985295506,0.14159689482667487,0.033333333,89,0,
23:16:33,0.3016949293441741,0.13840913308956662,0.033333333,88,0,
23:16:33,0.2715647185655729,0.13220035550535278,0.033333333,90,0,
23:16:33,0.2903249982666739,0.1345159273542154,0.033333333,90,0,
23:16:33,0.27991906271691025,0.13736714236223407,0.033333333,89,0,
23:16:34,0.27379313629264335,0.13749890943556348,0,89,0,
23:16:34,0.26990629166033975,0.14431096374593222,0,89,0,
23:16:34,0.28193016237935636,0.1385418996746149,0,91,0,
23:16:35,0.2847449122266208,0.13485864364814526,0,91,0,
23:16:35,0.277552407,0.13220035550535278,0,91,0,
23:16:35,0.28501188813491896,0.13332148306149433,0,89,0,
23:16:35,0.28344434610531877,0.14444412882339994,0,89,0,
23:16:36,0.269828578,0.13473431556451262,0,89,0,
23:16:36,0.2728889728050901,0.13332148306149433,0,89,0,
23:16:36,0.23986551249888735,0.15187496257889002,0.016666666666666666,88,0,
23:16:36,0.14105524403824637,0.1558085096582814,0.083333333,90,0,
23:16:37,0.291362107,0.16393982965856313,0.2,85,0,
23:16:37,0.2698376095338535,0.17707742139204494,0.2,88,0,
23:16:37,0.20821141373751295,0.17414898464377856,0.23333333333333334,80,0,
23:16:37,0.13105510641147244,0.15764815627361642,0.36666666666666664,82,0,
23:16:38,0.1273669266007003,0.17656860023298393,0.5,81,1,
23:16:38,0.10352277774866611,0.18461825161094997,0.6333333333333333,80,1,
23:16:38,0.24937301584938731,0.1678298831291161,0.7,81,1,
23:16:39,0.1829929487463487,0.17841477470162562,0.75,81,1,
23:16:39,0.26842137352983886,0.16095569499491263,0.75,81,1,
23:16:39,0.32327258642972934,0.17368157431402545,0.7666666666666667,81,1,
23:16:39,0.31900250710773337,0.18130280898646944,0.6833333333333333,79,1,
23:16:40,0.286941236,0.17409326480181356,0.55,81,1,
23:16:40,0.308287302,0.17266923753889776,0.5333333333333333,89,1,
23:16:40,0.307045321,0.16735914682876488,0.4666666666666667,85,1,
23:16:40,0.2710961199594954,0.16386124612788544,0.3333333333333333,93,0,
23:16:41,0.29231104840237726,0.16413304107465318,0.25,92,0,
23:16:41,0.16784927099602492,0.15599500823960324,0.26666666666666666,89,0,
23:16:41,0.24227452920062842,0.15433802097701368,0.4,88,0,
23:16:41,0.30351147655138777,0.17350242875390864,0.45,85,1,
23:16:42,0.3187147257170938,0.1589035132174328,0.38333333333333336,84,0,
23:16:42,0.32192858484619674,0.15890710144670311,0.26666666666666666,85,0,
23:16:42,0.3148905217292749,0.16666666666666666,0.26666666666666666,86,0,
23:16:43,0.28873548574348007,0.15633998423106993,0.23333333333333334,86,0,
23:16:43,0.29030403,0.16336717675751786,0.21666666666666667,86,0,
23:16:43,0.2777385040361482,0.14970857209591582,0.11666666666666667,87,0,
23:16:43,0.2562120361220075,0.1601523113301254,0,87,0,
23:16:44,0.26553613978819496,0.15546374197623083,0,86,0,
23:16:44,0.27098910942104387,0.1537692636708146,0.05,88,0,
23:16:44,0.23269626725945813,0.1537692636708146,0.1,86,0,
23:16:44,0.20670277488925692,0.15015465060444594,0.23333333333333334,88,0,
23:16:45,0.24457281876691184,0.14937604789506662,0.36666666666666664,83,1,
23:16:45,0.29318447965070393,0.16310727237276995,0.4,70,0,
23:16:45,0.2900973405006066,0.15996724555562936,0.4,59,0,
23:16:45,0.3060222567558579,0.16249597597494841,0.4,53,0,
23:16:46,0.320038116,0.1536590742882148,0.4,51,0,
23:16:46,0.32218444691932085,0.1638058084370751,0.3333333333333333,54,0,
23:16:46,0.32331374037664984,0.16933296933893321,0.23333333333333334,58,0,
23:16:47,0.3140401619092362,0.1608281297014079,0.1,59,0,
23:16:47,0.3259071495694676,0.15556530971348306,0,59,0,
23:16:47,0.3243341521991012,0.16334586009875643,0,56,0,
23:16:47,0.35193695119613544,0.15279831229187216,0,56,0,
23:16:48,0.21193187586169387,0.1500416014588319,0.016666666666666666,53,0,
23:16:48,0.2785427222112997,0.1392823702113279,0.083333333,72,0,
23:16:48,0.20157171108185462,0.15080406638534707,0.15,76,0,
23:16:48,0.2961977484313256,0.16683885572693105,0.23333333333333334,86,0,
23:16:49,0.22736264272791507,0.16921174372128542,0.25,92,0,
23:16:49,0.2200138673072773,0.16731921706555222,0.38333333333333336,87,0,
23:16:49,0.26027145991062123,0.17149858514250882,0.5,70,1,
23:16:49,0.32200985059459103,0.1730221732140683,0.55,60,1,
23:16:50,0.38232259546385483,0.1730221732140683,0.4666666666666667,58,1,
23:16:50,0.38296743455565385,0.17888543819998318,0.45,58,1,
23:16:50,0.35770789741831466,0.1730221732140683,0.35,58,0,
23:16:51,0.3595280469243576,0.17586753669934435,0.31666666666666665,57,0,
23:16:51,0.2654675869764596,0.16336927519688196,0.23333333333333334,62,0,
23:16:51,0.2878209930478315,0.1649378756206679,0.2,70,0,
23:16:51,0.3456733005106235,0.16838331620582422,0.1,76,0,
23:16:52,0.29737762439028936,0.16581506322747958,0.1,77,0,
23:16:52,0.32458095010941435,0.15702717677706413,0.13333333333333333,89,0,
23:16:52,0.36060888084142245,0.17991281632371936,0.13333333333333333,83,0,
23:16:52,0.36304361170299027,0.17673421621509203,0.13333333333333333,88,0,
23:16:53,0.3486081348871961,0.18506755523321747,0.13333333333333333,88,0,
23:16:53,0.1942019050821906,0.13853935915193857,0.11666666666666667,65,0,
23:16:55,0.32803782409334903,0.17211704580502013,0.1,74,0,
23:16:56,0.3484381401281685,0.16774752537863896,0.11666666666666667,91,0,
23:16:56,0.4329648014052475,0.16641005886756874,0.11666666666666667,84,0,
23:16:56,0.24426332457144512,0.15923243882462051,0.13333333333333333,93,0,
23:16:56,0.099333791,0.13373602175158356,0.18333333333333332,102,0,
23:16:57,0.15469238342111022,0.12028789665711086,0.31666666666666665,97,0,
23:16:57,0.071389384,0.1190721131520279,0.45,93,1,
23:16:57,0.15827456799780462,0.12913771357010023,0.5833333333333334,91,1,
23:16:57,0.2461757935289705,0.1584929885983675,0.65,91,1,
23:16:58,0.22003602705595607,0.14646467231906024,0.7666666666666667,96,1,
23:16:58,0.2656351087811852,0.14524999475252917,0.8666666666666667,97,1,
23:16:58,0.3950021122428096,0.13809022810981725,0.8666666666666667,72,1,
23:16:59,0.2298141121144254,0.1202394404082234,0.75,80,1,
23:16:59,0.23619163990775302,0.1816450490871359,0.7166666666666667,106,1,
23:16:59,0.3795504071208109,0.16735914682876488,0.6166666666666667,103,1,
23:16:59,0.28153374697469014,0.20986055078837967,0.48333333333333334,105,1,
23:17:00,0.28364517613973955,0.17708227321753375,0.35,96,0,
23:17:00,0.33787607814879356,0.174179189,0.2833333333333333,96,0,
23:17:00,0.22707920964120798,0.17160995992541972,0.26666666666666666,88,0,
23:17:00,0.19137710276554426,0.11120314619933326,0.4,92,0,
23:17:01,0.18717709443956185,0.11958694253625614,0.43333333333333335,105,1,
23:17:01,0.3274979237295586,0.099456518,0.4666666666666667,97,1,
23:17:01,0.30665086010784415,0.12420065684871484,0.4666666666666667,91,1,
23:17:01,0.26536347646217745,0.096438277,0.5333333333333333,102,1,
23:17:02,0.3760892767389508,0.082066521,0.5166666666666667,92,1,
23:17:02,0.3099921292673158,0.083426081,0.45,95,1,
23:17:02,0.3681293796038716,0.066666667,0.35,91,0,
23:17:03,0.30142221976890166,0.08107738,0.21666666666666667,94,0,
23:17:03,0.3875744356502693,0.074370515,0.11666666666666667,92,0,
23:17:03,0.375042831,0.09256438,0.066666667,97,0,
23:17:03,0.1569339414350104,0.098582446,0.066666667,102,0,
23:17:04,0.14992529466650598,0.1297666299105512,0.15,103,0,
23:17:04,0.20174181201976216,0.13332148306149433,0.2833333333333333,90,1,
23:17:04,0.275140417,0.13760459654527646,0.4,87,0,
23:17:04,0.260859451,0.1345159273542154,0.4,86,0,
23:17:05,0.2505004237641213,0.14420410673507406,0.4,87,0,
23:17:05,0.22495382602488445,0.13459049961940245,0.4666666666666667,87,0,
23:17:05,0.2222950368077039,0.13205196863329538,0.6,87,0,
23:17:05,0.2293987232926657,0.13485864364814526,0.65,86,1,
23:17:06,0.2348411111250014,0.13238840731521426,0.65,87,1,
23:17:06,0.24357402070704398,0.14452420503512592,0.65,87,1,
23:17:06,0.24199061980817202,0.1375781519218853,0.7333333333333333,88,1,
23:17:07,0.221654189,0.14276175424925996,0.8666666666666667,89,1,
23:17:07,0.24682916326544396,0.14420410673507406,1,88,1,
23:17:07,0.2562950454912054,0.13241197026054904,0.9333333333333333,89,1,
23:17:07,0.25660977405770957,0.13341637380878255,0.8,89,1,
23:17:08,0.2768644598109179,0.1427363495414782,0.6666666666666666,89,1,
23:17:08,0.3039505990663671,0.13238840731521426,0.5333333333333333,90,1,
23:17:08,0.31039796124658303,0.13341637380878255,0.4,89,0,
23:17:08,0.301753809,0.14182355073936706,0.26666666666666666,89,0,
23:17:09,0.2866458529599736,0.13341637380878255,0.13333333333333333,89,0,
23:17:09,0.2901497280206875,0.14276175424925996,0,89,0,
23:17:09,0.2738925048884939,0.13241197026054904,0,89,0,
23:17:09,0.2895044032616489,0.13241197026054904,0,89,0,
23:17:10,0.2768622047695199,0.14550717260020726,0,89,0,
23:17:10,0.3072633908585816,0.13341637380878255,0,89,0,
23:17:10,0.2888303943334495,0.13241197026054904,0,90,0,
23:17:11,0.2912762062695827,0.14182355073936706,0,89,0,
23:17:11,0.29023213200766185,0.13495835430402114,0,89,0,
23:17:11,0.2938455830943122,0.13341637380878255,0,88,0,
23:17:11,0.2950093127703344,0.1359820733051053,0,89,0,
23:17:12,0.2864362647629829,0.13917332699502163,0,88,0,
23:17:12,0.2700646033972193,0.14182355073936706,0,88,0,
23:17:12,0.29045145577376275,0.14550717260020726,0,88,0,
23:17:12,0.27510659677523464,0.14182355073936706,0,91,0,
23:17:13,0.273578831,0.13238840731521426,0,89,0,
23:17:13,0.2537824110055583,0.14011801805945887,0,89,0,
23:17:13,0.26719002078342713,0.13094570021973104,0.016666666666666666,89,0,
23:17:13,0.2566656061953756,0.12995989673720554,0.016666666666666666,90,0,
23:17:14,0.25280408915618763,0.14276175424925996,0.016666666666666666,89,0,
23:17:14,0.24133642917466985,0.13495835430402114,0.05,88,0,
23:17:14,0.27822324292165057,0.13241197026054904,0.05,90,0,
23:17:15,0.2699758989118963,0.13238840731521426,0.05,90,0,
23:17:15,0.27415784860707326,0.13094570021973104,0.05,90,0,
23:17:15,0.2874816337912122,0.14182355073936706,0.033333333,89,0,
23:17:15,0.27043291761435384,0.14452420503512592,0.033333333,89,0,
23:17:16,0.25603097418076665,0.13238840731521426,0.033333333,90,0,
23:17:16,0.22162478099538901,0.1426602167156113,0.1,91,0,
23:17:16,0.22974985734483616,0.15209100104169465,0.21666666666666667,91,0,
23:17:16,0.22615592546864327,0.1427363495414782,0.35,92,1,
23:17:17,0.21917761704043756,0.1520098786244868,0.48333333333333334,92,1,
23:17:17,0.23509311560537255,0.14526562220707367,0.6166666666666667,91,1,
23:17:17,0.21546342028128584,0.13320315386177048,0.75,92,1,
23:17:17,0.22597897551613655,0.1426602167156113,0.8833333333333333,91,1,
23:17:18,0.23738929920157253,0.13917332699502163,1,92,1,
23:17:18,0.22742071239962655,0.13241197026054904,1,91,1,
23:17:18,0.235515458,0.14009399851388776,1,91,1,
23:17:19,0.12755816482774765,0.13339263212805205,1,91,1,
23:17:19,0.19069642580301505,0.14009399851388776,1,92,1,
23:17:19,0.19735152870026218,0.1417983129865666,1,92,1,
23:17:19,0.2494441622949018,0.13495835430402114,1,90,1,
23:17:20,0.23391611,0.13495835430402114,0.9333333333333333,89,1,
23:17:20,0.2199813366430367,0.13341637380878255,0.9333333333333333,91,1,
23:17:20,0.2044529201566238,0.13339263212805205,0.9333333333333333,90,1,
23:17:20,0.22320040734799074,0.13495835430402114,0.9333333333333333,89,1,
23:17:21,0.22038289055664095,0.13339263212805205,0.9333333333333333,90,1,
23:17:21,0.2120136343541665,0.13238840731521426,0.9333333333333333,90,1,
23:17:21,0.23093475981370493,0.13238840731521426,0.9333333333333333,89,1,
23:17:21,0.22770933350398725,0.13092325302659108,0.95,91,1,
23:17:22,0.27748110324950387,0.13339263212805205,0.9833333333333333,92,1,
23:17:22,0.36789513321041056,0.13595693566309275,0.85,90,1,
23:17:22,0.3499483710891357,0.14276175424925996,0.7166666666666667,89,1,
23:17:23,0.348162123,0.1264472594680765,0.5833333333333334,89,1,
23:17:23,0.3514935727985024,0.13493340590667258,0.45,90,1,
23:17:23,0.3581296386376866,0.13332148306149433,0.31666666666666665,89,0,
23:17:23,0.3542699424665069,0.1427363495414782,0.18333333333333332,89,0,
23:17:24,0.34188205123011245,0.14276175424925996,0.05,88,0,
23:17:24,0.31311879798430364,0.13241197026054904,0,91,0,
23:17:24,0.32630244911367284,0.13722852454111903,0,90,0,
23:17:24,0.32706464338133245,0.15033296378372907,0,95,0,
23:17:25,0.24692578458564762,0.13241197026054904,0.016666666666666666,99,0,
23:17:25,0.2801452535750757,0.13714948343374114,0.05,101,0,
23:17:25,0.2456922134133366,0.1317009215737036,0.1,102,0,
23:17:25,0.25169847935994866,0.1342188730482898,0.1,103,0,
23:17:26,0.2465126259646198,0.1411081302575396,0.18333333333333332,103,0,
23:17:26,0.2365742989831915,0.14119662011824435,0.2,104,0,
23:17:26,0.25580064,0.14485719366802965,0.2833333333333333,103,0,
23:17:27,0.24640252938928192,0.1317009215737036,0.36666666666666664,102,0,
23:17:27,0.2586676590815954,0.1382973158411042,0.3333333333333333,103,0,
23:17:27,0.2402858479679205,0.14185564087162758,0.4,103,0,
23:17:27,0.2664049009320558,0.1342188730482898,0.45,104,0,
23:17:28,0.2553004265036274,0.1317009215737036,0.4666666666666667,102,0,
23:17:28,0.23148098129882505,0.13186439471953015,0.4166666666666667,102,0,
23:17:28,0.23539759051366904,0.13198153465088208,0.5,101,0,
23:17:28,0.22439528412491444,0.1414842521071022,0.5666666666666667,100,1,
23:17:29,0.225932429,0.14380593540888195,0.6333333333333333,101,1,
23:17:29,0.1991115040907565,0.15313985063081245,0.7333333333333333,100,1,
23:17:29,0.21601080313244903,0.14359818228725732,0.7666666666666667,103,1,
23:17:29,0.23385980779169802,0.12301609696282194,0.8166666666666667,100,1,
23:17:30,0.22175707285146568,0.14454812549438892,0.95,102,1,
23:17:30,0.22214309113400563,0.13372812598265227,1,102,1,
23:17:30,0.20400314489406338,0.14119662011824435,1,101,1,
23:17:31,0.19501999265882258,0.14412514986472488,1,102,1,
23:17:31,0.21933072578806434,0.1365999936439188,1,102,1,
23:17:31,0.21894139851031455,0.14693402063363128,1,100,1,
23:17:31,0.23959926585496716,0.1272310475615191,1,103,1,
23:17:32,0.22234954383110178,0.13485864364814526,1,101,1,
23:17:32,0.22590990469682348,0.1294300457858868,1,99,1,
23:17:32,0.22497385109977674,0.125,1,100,1,
23:17:32,0.23487653918004153,0.1369480196694854,1,100,1,
23:17:33,0.23592684274605302,0.13203646586675996,0.9833333333333333,100,1,
23:17:33,0.2247832448952461,0.1369480196694854,0.9833333333333333,100,1,
23:17:33,0.2137587545647035,0.1317009215737036,0.9833333333333333,99,1,
23:17:33,0.22495920864606947,0.13027986586759766,0.9833333333333333,98,1,
23:17:34,0.24015322113656123,0.1398881342210505,0.9833333333333333,96,1,
23:17:34,0.1851473262444881,0.13495835430402114,0.9833333333333333,93,1,
23:17:34,0.2334762499329049,0.1386483884679505,0.9833333333333333,95,1,
23:17:35,0.22186284378323157,0.1375781519218853,1,95,1,
23:17:35,0.2384547629821708,0.13760459654527646,1,93,1,
23:17:35,0.24519194743358647,0.15336904820034072,1,98,1,
23:17:35,0.23791358098596377,0.16781809083583657,0.9666666666666667,94,1,
23:17:36,0.15898435204857925,0.16998815985776602,0.85,94,1,
23:17:36,0.21247274,0.15470206729335678,0.85,89,1,
23:17:36,0.20907306305466927,0.18019425620693344,0.7833333333333333,86,1,
23:17:36,0.2696602437934751,0.16068589897622512,0.7,84,1,
23:17:37,0.16459182092664426,0.16885357680050148,0.65,85,1,
23:17:37,0.274896427,0.15109105795876943,0.6333333333333333,89,1,
23:17:37,0.2718863827425545,0.1631047511610288,0.5666666666666667,87,1,
23:17:37,0.13519713520450238,0.1543212744960389,0.5166666666666667,86,1,
23:17:38,0.2711303713244543,0.1598576994977641,0.55,86,1,
23:17:38,0.343790618,0.16490431325317814,0.43333333333333335,88,1,
23:17:38,0.2150740529417192,0.1636776759353022,0.38333333333333336,83,0,
23:17:39,0.1941291111477419,0.14702703046374363,0.5,87,0,
23:17:39,0.2440490026041493,0.14427746420619034,0.5,86,1,
23:17:39,0.23712868434734838,0.12242348797511587,0.5333333333333333,85,1,
23:17:39,0.2288839384564446,0.14032862555708192,0.6166666666666667,85,1,
23:17:40,0.24807215029153332,0.14032862555708192,0.6166666666666667,86,1,
23:17:40,0.2823444853628514,0.13142436690831877,0.6833333333333333,86,1,
23:17:40,0.2511678295910419,0.14403780047891934,0.7,87,1,
23:17:40,0.28927004816277424,0.14356203435505357,0.6333333333333333,89,1,
23:17:41,0.21339181804798063,0.1355815361366601,0.5166666666666667,90,1,
23:17:41,0.2332213362017458,0.14116748304842436,0.5333333333333333,87,1,
23:17:41,0.2316428989401864,0.14116748304842436,0.5333333333333333,88,1,
23:17:41,0.24057726915414024,0.14130835473605538,0.6333333333333333,88,1,
23:17:42,0.23421306196906064,0.1441874501821181,0.6166666666666667,88,1,
23:17:42,0.23225845061939238,0.14010472653045566,0.7,87,1,
23:17:42,0.2373463993569757,0.146078135,0.8,90,1,
23:17:43,0.24697557493994388,0.14024453768841658,0.9333333333333333,90,1,
23:17:43,0.2701622450143304,0.14319129469909125,0.9,93,1,
23:17:43,0.26634761137611807,0.14310195833101122,0.7666666666666667,95,1,
23:17:43,0.27475545699073434,0.14130835473605538,0.6333333333333333,96,1,
23:17:44,0.25160063499311475,0.13085598064755344,0.5166666666666667,91,1,
23:17:44,0.2578330122076334,0.13188491670777744,0.38333333333333336,92,0,
23:17:44,0.20466859956954775,0.13852758337490775,0.38333333333333336,92,0,
23:17:44,0.2144402566136831,0.14768511657291783,0.38333333333333336,90,1,
23:17:45,0.20001017414084568,0.14497162304557953,0.4,91,1,
23:17:45,0.1720345710089576,0.14772840598896841,0.5333333333333333,93,1,
23:17:45,0.19027450192949946,0.14777631013744333,0.6666666666666666,93,1,
23:17:45,0.15111848407923065,0.13395188397707056,0.8,94,1,
23:17:46,0.18315590664796325,0.1315334104411641,0.9333333333333333,92,1,
23:17:46,0.255494764,0.13674465207608744,0.9833333333333333,91,1,
23:17:46,0.2528185876541226,0.13687529658443134,0.95,90,1,
23:17:47,0.2481912195621692,0.1338763726808352,0.9,89,1,
23:17:47,0.21057785071527416,0.14037501736454516,0.9,87,1,
23:17:47,0.13623888242148702,0.14072107443562548,0.9,86,1,
23:17:47,0.12023242534358008,0.12939873194988707,0.9,85,1,
23:17:48,0.089056348,0.14417630315226745,0.9,84,1,
23:17:48,0.12211470468542607,0.13192198857116066,0.9,84,1,
23:17:48,0.1780572569207698,0.14349996382852606,0.9333333333333333,86,1,
23:17:48,0.17725816460769464,0.1400961319818262,0.9666666666666667,85,1,
23:17:49,0.083783495,0.1440902019617221,1,85,1,
23:17:49,0.2519376776938223,0.14285714285714285,0.9833333333333333,87,1,
23:17:49,0.2767755086921535,0.14427560654447733,0.85,88,1,
23:17:49,0.27832056956533574,0.13939417740239554,0.7166666666666667,86,1,
23:17:50,0.26807616989518407,0.1431788599714694,0.5833333333333334,87,1,
23:17:50,0.24789353211590825,0.1385820365087477,0.4666666666666667,86,1,
23:17:50,0.26257880280065626,0.1471737676292638,0.3333333333333333,86,0,
23:17:51,0.276822792,0.13521847379852334,0.2,87,0,
23:17:51,0.28989890417058545,0.13461629530382258,0.066666667,87,0,
23:17:51,0.2885168879542923,0.1338071864870312,0.016666666666666666,86,0,
23:17:51,0.29650208909019204,0.13560307973158325,0.016666666666666666,88,0,
23:17:52,0.2745319338945099,0.14171910417432865,0.016666666666666666,86,0,
23:17:54,0.24436368821435067,0.13085598064755344,0.033333333,88,0,
23:17:54,0.1961842256159909,0.1336940181073818,0.11666666666666667,87,0,
23:17:55,0.18443002350172447,0.14485719366802965,0.23333333333333334,88,0,
23:17:55,0.17193025841213444,0.1382973158411042,0.36666666666666664,86,1,
23:17:55,0.24878915966603524,0.13600442958529005,0.5,88,1,
23:17:55,0.24736718614880848,0.13860430249151773,0.55,88,1,
23:17:56,0.24150624832511597,0.1333979069617583,0.6833333333333333,89,1,
23:17:56,0.26293249172333416,0.14820867709352234,0.7166666666666667,89,1,
23:17:56,0.33964785828713884,0.12907749478503058,0.6833333333333333,87,1,
23:17:56,0.3280189639564337,0.13787267945334555,0.55,90,1,
23:17:57,0.32459012881126736,0.13904564044143683,0.4666666666666667,88,1,
23:17:57,0.3038545347987486,0.13928599609264172,0.36666666666666664,88,0,
23:17:57,0.2994707574355836,0.13693656236608068,0.25,88,0,
23:17:57,0.29922304378239994,0.13287276776598395,0.18333333333333332,88,0,
23:17:58,0.286698353,0.14722479576152134,0.15,89,0,
23:17:58,0.31558476574323874,0.1376041832307563,0.033333333,89,0,
23:17:58,0.27811354748067385,0.13898287418325797,0,91,0,
23:17:59,0.27790516213694855,0.1411081302575396,0,90,0,
23:17:59,0.2635854163716058,0.14399133774167436,0,90,0,
23:17:59,0.29080835688546247,0.13473431556451262,0,89,0,
23:17:59,0.30550129220373357,0.13701805122009747,0,89,0,
23:18:00,0.3004677496455507,0.14159689482667487,0,89,0,
23:18:00,0.28548991482733965,0.1386750490563073,0,91,0,
23:18:00,0.3349128261693346,0.13220035550535278,0,90,0,
23:18:00,0.32497337863867426,0.13220035550535278,0,91,0,
23:18:01,0.3275532860301713,0.13714948343374114,0,90,0,
23:18:01,0.33327046195360166,0.14444412882339994,0,89,0,
23:18:01,0.3275532860301713,0.13459049961940245,0,91,0,
23:18:01,0.3334677618091047,0.13485864364814526,0,90,0,
23:18:02,0.3069197189023326,0.14172268049137174,0,91,0,
23:18:02,0.3109745034537543,0.14694587510757978,0,90,0,
23:18:02,0.26815990094467657,0.12760691558146275,0,89,0,
23:18:03,0.280626071,0.13701805122009747,0,91,0,
23:18:03,0.2911679346325682,0.13714948343374114,0,91,0,
23:18:03,0.2525616596448067,0.14680505487867587,0,91,0,
23:18:03,0.27145981332774327,0.13485864364814526,0,90,0,
23:18:04,0.2739320647125155,0.14024453768841658,0,90,0,
23:18:04,0.2855189744319094,0.13473431556451262,0,90,0,
23:18:04,0.26728285449167055,0.13714948343374114,0,91,0,
23:18:04,0.26401880647681636,0.15704810564156643,0,90,0,
23:18:05,0.26733236812816175,0.13714948343374114,0,90,0,
23:18:05,0.2745484732202312,0.13485864364814526,0,90,0,
23:18:05,0.26917546110977353,0.13749890943556348,0,90,0,
23:18:05,0.2636558962810517,0.14444412882339994,0,90,0,
23:18:06,0.2777473147714842,0.14128328005663945,0,90,0,
23:18:06,0.27172063860254403,0.1345159273542154,0,89,0,
23:18:06,0.2755312861586363,0.13485864364814526,0,90,0,
23:18:07,0.26394259004788223,0.135881606,0,90,0,
23:18:07,0.26684422422050363,0.13749890943556348,0,90,0,
23:18:07,0.2904804284194361,0.13736714236223407,0,90,0,
23:18:07,0.30103562919226756,0.13714948343374114,0,90,0,
23:18:08,0.2668299895472346,0.13714948343374114,0,90,0,
23:18:08,0.2652415656346452,0.13493340590667258,0,92,0,
23:18:08,0.26653352850620593,0.13840913308956662,0,90,0,
23:18:08,0.28177028165559576,0.13749890943556348,0,89,0,
23:18:09,0.2903856463152845,0.13485864364814526,0,92,0,
23:18:09,0.2904804284194361,0.13595693566309275,0,90,0,
23:18:09,0.2741227192680391,0.13485864364814526,0,90,0,
23:18:09,0.325058767,0.1345159273542154,0,91,0,
23:18:10,0.3474741825554804,0.13714948343374114,0,90,0,
23:18:10,0.34223483756344325,0.15403245452108544,0,90,0,
23:18:10,0.346360548,0.1398881342210505,0,89,0,
23:18:11,0.33434962794880246,0.14010472653045566,0,89,0,
23:18:11,0.35387925596851133,0.13473431556451262,0,89,0,
23:18:11,0.3376001263605154,0.14444412882339994,0,89,0,
23:18:11,0.15043881575051196,0.13714948343374114,0.016666666666666666,89,0,
23:18:12,0.26441296931103014,0.14444412882339994,0.05,90,0,
23:18:12,0.2932700379997939,0.1398881342210505,0.05,90,0,
23:18:12,0.2893900945588766,0.14452420503512592,0.05,89,0,
23:18:12,0.28886804656125975,0.14024453768841658,0.05,89,0,
23:18:13,0.2739651837898627,0.14694587510757978,0.05,88,0,
23:18:13,0.2839741017147115,0.14444412882339994,0.05,89,0,
23:18:13,0.28561042174715334,0.14680505487867587,0.05,89,0,
23:18:13,0.26710123993343915,0.1345159273542154,0.05,89,0,
23:18:14,0.2806094955136058,0.13714948343374114,0.05,89,0,
23:18:14,0.3224003640784905,0.1345159273542154,0.016666666666666666,89,0,
23:18:14,0.2812326369776401,0.14694587510757978,0,91,0,
23:18:15,0.32059192057694874,0.14024453768841658,0,88,0,
23:18:15,0.32382146207385537,0.13749890943556348,0,91,0,
23:18:15,0.320895879,0.14988014380826842,0,90,0,
23:18:15,0.3356847153280692,0.14130835473605538,0,89,0,
23:18:16,0.3152706878836894,0.13254270092150516,0,91,0,
23:18:16,0.3118530148448716,0.13473431556451262,0,89,0,
23:18:16,0.3186295308282212,0.13749890943556348,0,87,0,
23:18:16,0.3422733638483424,0.14009399851388776,0,90,0,
23:18:17,0.3334509022971541,0.12757590433989782,0,87,0,
23:18:17,0.3470915800364218,0.14011801805945887,0,89,0,
23:18:17,0.074277812,0.13198153465088208,0.016666666666666666,89,0,
23:18:17,0.21637452513689565,0.13332148306149433,0.083333333,86,0,
23:18:18,0.21946788867753803,0.13085598064755344,0.18333333333333332,86,0,
23:18:18,0.24901533676036677,0.13973518122908113,0.3,86,1,
23:18:18,0.24973907814443924,0.13303802104754786,0.38333333333333336,88,1,
23:18:19,0.24502802875440086,0.13469073064006293,0.4,89,0,
23:18:19,0.25979359675348745,0.13760459654527646,0.45,89,0,
23:18:19,0.25669626148000163,0.13238840731521426,0.48333333333333334,89,0,
23:18:19,0.2604357319129007,0.13701805122009747,0.48333333333333334,91,1,
23:18:20,0.26061821597362206,0.1342188730482898,0.5,93,1,
23:18:20,0.25467911277603006,0.1275969895238018,0.5166666666666667,92,1,
23:18:20,0.26187523492776676,0.1338432394215468,0.43333333333333335,90,1,
23:18:20,0.2588789170376745,0.12666461502927093,0.3333333333333333,88,0,
23:18:21,0.12357152106031458,0.13051769322946566,0.31666666666666665,92,0,
23:18:21,0.17052059383953755,0.13731590110766162,0.31666666666666665,94,0,
23:18:21,0.20927820740209757,0.1297666299105512,0.4166666666666667,92,1,
23:18:21,0.24290354437376485,0.131385785,0.45,94,1,
23:18:22,0.24984807332879252,0.1270838173730295,0.5166666666666667,93,1,
23:18:22,0.1103801180345449,0.13282660709046373,0.6333333333333333,94,1,
23:18:22,0.12653240596659057,0.13238840731521426,0.7,93,1,
23:18:23,0.032191139,0.13220035550535278,0.7833333333333333,92,1,
23:18:23,0.083824308,0.1297598043987692,0.9,92,1,
23:18:23,0.11304727095718761,0.1386750490563073,0.9666666666666667,93,1,
23:18:23,0.12867332101573845,0.1414213562373095,1,85,1,
23:18:24,0.15139423722669068,0.1317009215737036,1,91,1,
23:18:24,0.17211611014917455,0.13804220094285194,1,93,1,
23:18:24,0.18450559901160646,0.1285436241822652,1,91,1,
23:18:24,0.18238238547584473,0.13990969151779348,1,89,1,
23:18:25,0.21871301347312622,0.13085598064755344,1,91,1,
23:18:25,0.21776425322997406,0.1314034388678803,1,87,1,
23:18:25,0.22029864310822891,0.14142135623730953,1,89,1,
23:18:25,0.22829496389454354,0.13746657347707994,1,87,1,
23:18:26,0.3167667000069151,0.14030526859527614,0.95,90,1,
23:18:26,0.29449104521578373,0.14331170093911497,0.8333333333333334,88,1,
23:18:26,0.2788644311019296,0.14000656296146183,0.75,85,1,
23:18:27,0.26269813149421845,0.14507139155764273,0.65,87,1,
23:18:27,0.1968592026960656,0.13085598064755344,0.55,88,1,
23:18:27,0.2538863299742535,0.1225057425912791,0.48333333333333334,88,1,
23:18:27,0.29228873665365207,0.1372045209687889,0.4666666666666667,91,1,
23:18:28,0.29705132698846237,0.14008680440090415,0.35,91,0,
23:18:28,0.2967154616403346,0.12233724680078165,0.26666666666666666,93,0,
23:18:28,0.28955493846898195,0.1417539823876668,0.16666666666666666,91,0,
23:18:28,0.27492566241556887,0.1369040069459363,0.11666666666666667,92,0,
23:18:29,0.2520242913136844,0.14229110075920884,0.11666666666666667,93,0,
23:18:29,0.07534521,0.12498474400433691,0.16666666666666666,88,0,
23:18:29,0.088456269,0.13831116742924054,0.2833333333333333,88,0,
23:18:29,0.1038984360894131,0.1496203650249634,0.36666666666666664,86,1,
23:18:30,0.1391645804739446,0.1436739427831727,0.43333333333333335,95,1,
23:18:30,0.19261138168327696,0.1288814704621936,0.4666666666666667,96,1,
23:18:30,0.13339702989362234,0.13160881292898652,0.55,95,1,
23:18:31,0.13917637,0.1495768823667151,0.65,94,1,
23:18:31,0.15029622279741464,0.14000656296146183,0.7666666666666667,92,1,
23:18:31,0.21844088716170434,0.1261886162812672,0.85,90,1,
23:18:31,0.19878152816848624,0.13392857142857142,0.95,92,1,
23:18:32,0.2732695137363905,0.13926942648823687,0.95,97,1,
23:18:32,0.2571832263903866,0.14747478547719248,0.9166666666666666,94,1,
23:18:32,0.17851032330608776,0.15269597956778627,0.8333333333333334,89,1,
23:18:32,0.2311350094081397,0.14000656296146183,0.8333333333333334,89,1,
23:18:33,0.2391810257059491,0.15603459023296293,0.8166666666666667,90,1,
23:18:33,0.26437543282777853,0.1335749453947554,0.7666666666666667,93,1,
23:18:33,0.27832392515891047,0.13098922453278258,0.65,93,1,
23:18:33,0.28536314697947285,0.13429637408817016,0.5833333333333334,93,1,
23:18:34,0.2537365330951202,0.142321324,0.5166666666666667,88,1,
23:18:34,0.28302646914711627,0.15121100714985675,0.4,87,0,
23:18:34,0.26707376231367974,0.13420446483116136,0.35,89,0,
23:18:35,0.2641183681379995,0.1377468944747736,0.31666666666666665,93,0,
23:18:35,0.2414042498668191,0.1406030965847864,0.3,92,0,
23:18:35,0.2707483069907144,0.13793103448275862,0.21666666666666667,91,0,
23:18:35,0.2046011458514998,0.14564209898593444,0.15,87,0,
23:18:36,0.2553783058224053,0.1426525903242984,0.13333333333333333,89,0,
23:18:36,0.20413118601741093,0.13747955218768346,0.15,86,0,
23:18:36,0.26537159190303955,0.14572196319924105,0.18333333333333332,89,0,
23:18:36,0.2555705105607324,0.15946037590706577,0.15,90,0,
23:18:37,0.26535054470044817,0.15996800959680113,0.16666666666666666,91,0,
23:18:37,0.21040409851820407,0.1701742519246068,0.25,94,0,
23:18:37,0.13501171096134582,0.13303802104754786,0.35,96,0,
23:18:37,0.26474527139008386,0.13051769322946566,0.38333333333333336,99,0,
23:18:38,0.2632729987454394,0.094143936,0.4,102,0,
23:18:38,0.24353329720861833,0.10510981900829154,0.4666666666666667,99,0,
23:18:38,0.1554934594525794,0.13793103448275862,0.4666666666666667,102,0,
23:18:39,0.2307818133203274,0.12960740804214663,0.55,101,1,
23:18:39,0.10747772565073815,0.13905057527843212,0.5833333333333334,107,1,
23:18:39,0.12653901446535495,0.14847492911527677,0.7,109,1,
23:18:39,0.13256185730438336,0.1386750490563073,0.7666666666666667,99,1,
23:18:40,0.11376242329721205,0.15384615384615385,0.8,99,1,
23:18:40,0.2073094983830175,0.1452152344401989,0.8,103,1,
23:18:40,0.1514939589407593,0.14009952520543278,0.8166666666666667,100,1,
23:18:41,0.26300614904203407,0.12115650656307654,0.8666666666666667,107,1,
23:18:41,0.25856857242550435,0.10916200077156593,0.8,106,1,
23:18:41,0.24484437345298238,0.10483870967741936,0.85,105,1,
23:18:41,0.2564008733876978,0.1056319539010213,0.8166666666666667,103,1,
23:18:42,0.17443735914792335,0.11552528667526472,0.75,95,1,
23:18:42,0.21381624155253143,0.1358340222922471,0.75,90,1,
23:18:42,0.2716273005730182,0.12684039844119843,0.7333333333333333,84,1,
23:18:42,0.2602899293360182,0.13316697851704595,0.6666666666666666,84,1,
23:18:43,0.18999883646421456,0.12279503264482487,0.65,94,1,
23:18:43,0.19524761659149503,0.13816116410019785,0.6333333333333333,88,1,
23:18:43,0.3046596508607784,0.12926214115095974,0.65,78,1,
23:18:43,0.2976091808424683,0.13842953387574705,0.6333333333333333,81,1,
23:18:44,0.2658892432851249,0.1381680087880058,0.5666666666666667,91,1,
23:18:44,0.24084562891478462,0.1275340414972188,0.5166666666666667,88,1,
23:18:44,0.26062923538963745,0.13565034179251592,0.5,88,1,
23:18:45,0.11402363236199543,0.13932020280216562,0.5,85,1,
23:18:45,0.047812548020731566,0.13220013898512994,0.5333333333333333,86,1,
23:18:45,0.071444341,0.1325538580797586,0.5666666666666667,94,1,
23:18:45,0.083318857,0.14043036544268872,0.6,88,1,
23:18:46,0.059395477,0.12697622259360422,0.6333333333333333,92,1,
23:18:46,0.1342129594404408,0.13432835820895522,0.6333333333333333,92,1,
23:18:46,0.24098945538890726,0.14546863332765142,0.7333333333333333,85,1,
23:18:46,0.25754275382887304,0.14997177267570042,0.8166666666666667,87,1,
23:18:47,0.22177936073861432,0.145954598,0.8333333333333334,92,1,
23:18:47,0.1972884377236772,0.14649051766871743,0.8833333333333333,94,1,
23:18:47,0.3162174147356065,0.13501971925872935,0.8333333333333334,92,1,
23:18:47,0.34231270572793515,0.1460356049714446,0.75,92,1,
23:18:48,0.3407218755789385,0.1414431183912026,0.65,88,1,
23:18:48,0.3344477778285495,0.14573835947164906,0.5666666666666667,88,1,
23:18:48,0.2636959512724426,0.14394593962743352,0.45,83,1,
23:18:49,0.26228906104744004,0.13502771595651436,0.35,84,0,
23:18:49,0.2232670163849672,0.1499423409550098,0.31666666666666665,95,0,
23:18:49,0.11070340365440275,0.15112193036696506,0.31666666666666665,90,0,
23:18:49,0.068269943,0.17596216221420413,0.4,96,0,
23:18:50,0.085308496,0.1605403247669839,0.4166666666666667,104,1,
23:18:50,0.099872295,0.1417344955218623,0.45,101,1,
23:18:50,0.09146471,0.1463388181323756,0.55,102,1,
23:18:50,0.073555561,0.1363063265818143,0.6333333333333333,84,1,
23:18:51,0.10712884501341827,0.1315587028960544,0.75,105,1,
23:18:51,0.11563894187906845,0.15356942861487485,0.85,106,1,
23:18:51,0.12388044644289861,0.13647212841386655,0.9333333333333333,98,1,
23:18:51,0.16431672998537716,0.13633547078730296,1,102,1,
23:18:52,0.16792903946952814,0.14394187477965587,1,101,1,
23:18:52,0.11077758965887576,0.13513683707826069,1,102,1,
23:18:52,0.1817505648342065,0.13810200921222548,1,104,1,
23:18:53,0.13871130182157096,0.1447180348702564,1,102,1,
23:18:53,0.1721069451723127,0.1326668278459941,1,100,1,
23:18:53,0.22197294837912435,0.12052853266542689,1,100,1,
23:18:53,0.197702989,0.1313328677355787,1,101,1,
23:18:54,0.10303716602963722,0.1391654727810025,1,96,1,
23:18:54,0.18609152552711147,0.1289651760438322,1,100,1,
23:18:54,0.16954506759927168,0.1383142998252026,1,100,1,
23:18:54,0.23704817732449673,0.13622298275594996,1,103,1,
23:18:55,0.2691132817329133,0.13693656236608068,0.9333333333333333,103,1,
23:18:55,0.3313813945830256,0.1313328677355787,0.8333333333333334,100,1,
23:18:55,0.30828363219551375,0.1313328677355787,0.75,100,1,
23:18:55,0.30492119300286713,0.1335193393649838,0.6333333333333333,100,1,
23:18:56,0.28493847267990835,0.14055638569974546,0.5333333333333333,99,1,
23:18:56,0.2939897001769665,0.14305941060348537,0.45,98,1,
23:18:56,0.2804398966134989,0.1460545990022164,0.3333333333333333,99,0,
23:18:57,0.30349668148836495,0.1356568383008309,0.23333333333333334,98,0,
23:18:57,0.29225781955496444,0.14536622510686775,0.15,99,0,
23:18:57,0.2613683349979881,0.14264368973853075,0.033333333,98,0,
23:18:57,0.27365311030135797,0.1484289932586069,0,98,0,
23:18:58,0.31185855783945354,0.14189184721674994,0,96,0,
23:18:58,0.2858529696808239,0.13802432834310177,0,100,0,
23:18:58,0.1894250858726273,0.1314034388678803,0.083333333,98,0,
23:18:58,0.1977935765276935,0.13898378795212607,0.16666666666666666,99,0,
23:18:59,0.1787474875664765,0.13929713361724327,0.2833333333333333,96,1,
23:18:59,0.22044028545684013,0.13929713361724327,0.38333333333333336,97,1,
23:18:59,0.06409067,0.13842729773301524,0.4666666666666667,96,1,
23:18:59,0.2989442664966716,0.14993135902578533,0.5666666666666667,94,1,
23:19:00,0.3330417387412944,0.13931361750980642,0.5666666666666667,94,1,
23:19:00,0.3705189511357033,0.1278274981412284,0.5666666666666667,94,1,
23:19:00,0.3883729321356493,0.1652523115218486,0.5666666666666667,102,1,
23:19:01,0.3747617608657926,0.15399226429797525,0.5666666666666667,99,1,
23:19:01,0.3550433636438612,0.14277213750844725,0.5,108,1,
23:19:01,0.3035060063151277,0.14927547567495547,0.38333333333333336,98,0,
23:19:01,0.28459463160047493,0.13407335200111228,0.2833333333333333,96,0,
23:19:02,0.2783683979106838,0.14889314223142402,0.2,103,0,
23:19:02,0.27441288258743834,0.1364887320970313,0.083333333,94,0,
23:19:02,0.2915557831267256,0.1255078180408716,0,99,0,
23:19:02,0.29672213336290587,0.10162265777716428,0,102,0,
23:19:03,0.2979135552549066,0.13168875260599153,0,107,0,
23:19:03,0.28707726830605107,0.12280723988802178,0,96,0,
23:19:03,0.24589879589376334,0.11949326263484691,0.016666666666666666,94,0,
23:19:03,0.20866644421968195,0.11404288819045583,0.13333333333333333,92,0,
23:19:04,0.21129845179669843,0.11217553770022735,0.23333333333333334,109,0,
23:19:04,0.2067861684170068,0.12403473458920845,0.31666666666666665,104,1,
23:19:04,0.22291628693515286,0.1093122696737915,0.43333333333333335,95,1,
23:19:05,0.19708287196464536,0.1280832057668666,0.5166666666666667,93,1,
23:19:05,0.266438777,0.12662305426059164,0.55,92,1,
23:19:05,0.28272500392110567,0.13556687788091298,0.55,97,1,
23:19:05,0.2680918536454742,0.13474293704933382,0.55,91,1,
23:19:06,0.2557730742365478,0.13867504905630726,0.5833333333333334,89,1,
23:19:06,0.25127576085172043,0.13647212841386655,0.6166666666666667,90,1,
23:19:06,0.27070174842192285,0.12397752739056736,0.5333333333333333,92,1,
23:19:06,0.071963935,0.13633547078730296,0.5333333333333333,92,1,
23:19:07,0.029216745,0.12759953636672314,0.5333333333333333,90,1,
23:19:07,0.095735038,0.13316980026291814,0.5333333333333333,89,1,
23:19:07,0.090124704,0.14346814044498915,0.55,91,1,
23:19:07,0.21845585648290972,0.14630327155658526,0.6166666666666667,91,1,
23:19:08,0.24752077973195324,0.1395681450642758,0.65,87,1,
23:19:08,0.2304781398851008,0.13846686721769336,0.7,87,1,
23:19:08,0.21217529097041338,0.1308559806475534,0.7666666666666667,89,1,
23:19:09,0.24515278319219405,0.13022537150017632,0.8166666666666667,88,1,
23:19:09,0.27848782147651696,0.12043649984555972,0.8166666666666667,85,1,
23:19:09,0.28539908886746823,0.1276837429550102,0.7166666666666667,86,1,
23:19:09,0.2651143228713915,0.12954232591664633,0.6166666666666667,87,1,
23:19:10,0.2645895863750515,0.12027862896911656,0.5333333333333333,86,1,
23:19:10,0.2608746195086418,0.12319719429720517,0.4166666666666667,86,1,
23:19:10,0.27070164831761645,0.12580767585922328,0.31666666666666665,87,0,
23:19:10,0.2528938436912839,0.12326781464940623,0.3,86,0,
23:19:11,0.27697198848955096,0.12209937297436849,0.21666666666666667,86,0,
23:19:11,0.29280411038983445,0.12397606157997029,0.11666666666666667,87,0,
23:19:11,0.2866432609539215,0.12591131218673468,0.033333333,87,0,
23:19:11,0.28338377115687574,0.12397606157997029,0,85,0,
23:19:12,0.29244830528073923,0.12390283727402537,0,86,0,
23:19:12,0.2803417852011568,0.1278274981412284,0,85,0,
23:19:12,0.2704823509126625,0.12572745522004708,0,85,0,
23:19:13,0.2911565931215268,0.13188491670777744,0,86,0,
23:19:13,0.29562800364350467,0.1278274981412284,0,85,0,
23:19:13,0.31284077826375833,0.12583460714630065,0,85,0,
23:19:13,0.2911565931215268,0.11816689313909519,0,85,0,
23:19:14,0.32057106001556057,0.12905075566012963,0,87,0,
23:19:14,0.32011858242511937,0.12905075566012963,0,86,0,
23:19:14,0.29929599285441844,0.1278274981412284,0,86,0,
23:19:14,0.28696822538670635,0.1278274981412284,0.033333333,86,0,
23:19:15,0.31106719528380555,0.13420331304582003,0.033333333,86,0,
23:19:15,0.31678618137756953,0.12092527285560244,0.033333333,87,0,
23:19:15,0.29748173968759534,0.13892187520662957,0.033333333,86,0,
23:19:15,0.30733151999174496,0.1313328677355787,0.033333333,87,0,
23:19:16,0.28391310621541255,0.1281699911383607,0.033333333,86,0,
23:19:16,0.25907208537032755,0.14025130143226544,0.033333333,86,0,
23:19:16,0.251436628,0.1365699929860805,0.033333333,86,0,
23:19:16,0.24601851919645912,0.1365699929860805,0.1,86,0,
23:19:17,0.2695903796584201,0.1260887051493178,0.1,86,0,
23:19:17,0.25330264901753263,0.12520792917060808,0.11666666666666667,86,0,
23:19:17,0.27179547275831606,0.12189684577707985,0.1,86,0,
23:19:17,0.2591529367271632,0.1281699911383607,0.1,86,0,
23:19:18,0.2518018550311602,0.13577980317331734,0.13333333333333333,84,0,
23:19:18,0.247863913,0.13429637408817016,0.15,85,0,
23:19:18,0.26688673389119766,0.1281699911383607,0.16666666666666666,85,0,
23:19:18,0.278410046,0.13817963199533254,0.16666666666666666,87,0,
23:19:19,0.26871503921360407,0.13757041773110507,0.16666666666666666,88,0,
23:19:19,0.25487419968276864,0.14658650451451907,0.16666666666666666,88,0,
23:19:19,0.20979389831025752,0.1414431183912026,0.16666666666666666,87,0,
23:19:19,0.24104568788558847,0.1431358887667982,0.26666666666666666,88,0,
23:19:20,0.2919773415427495,0.14658650451451907,0.26666666666666666,89,0,
23:19:20,0.2777777817623611,0.1317899193664035,0.25,88,0,
23:19:20,0.295728785,0.1377468944747736,0.21666666666666667,87,0,
23:19:20,0.27329531562874054,0.12929027933824316,0.21666666666666667,86,0,
23:19:21,0.21454713185147684,0.13801566915859156,0.25,88,0,
23:19:21,0.27681417144324016,0.13028054747164222,0.3333333333333333,86,0,
23:19:21,0.2822895630540525,0.1377468944747736,0.35,86,0,
